<?xml version="1.0" encoding="utf-8" ?>
<!DOCTYPE article PUBLIC "-//NLM//DTD JATS (Z39.96) Journal Archiving
and Interchange DTD v1.2 20190208//EN" "JATS-archivearticle1.dtd">

<article xmlns:mml="http://www.w3.org/1998/Math/MathML" xmlns:xlink="http://www.w3.org/1999/xlink" dtd-version="1.2" article-type="other">

<front>


<article-meta>


<title-group>
<article-title>Análise de Evasão Universitária usando
Polars</article-title>
</title-group>

<contrib-group>
<contrib contrib-type="author" corresp="yes">
<name>
<surname>Silva</surname>
<given-names>Caio Aloísio Andrade</given-names>
</name>
<string-name>Caio Aloísio Andrade Silva</string-name>

<role vocab="https://credit.niso.org" vocab-term="writing – original
draft" vocab-term-identifier="https://credit.niso.org/contributor-roles/writing-original-draft/">writing</role>
<xref ref-type="aff" rid="aff-1">a</xref>
<xref ref-type="corresp" rid="cor-1">&#x002A;</xref>
</contrib>
<contrib contrib-type="author" corresp="yes">
<name>
<surname>Souza</surname>
<given-names>Gabriel Santos</given-names>
</name>
<string-name>Gabriel Santos de Souza</string-name>

<role vocab="https://credit.niso.org" vocab-term="writing – original
draft" vocab-term-identifier="https://credit.niso.org/contributor-roles/writing-original-draft/">writing</role>
<xref ref-type="aff" rid="aff-1">a</xref>
<xref ref-type="corresp" rid="cor-2">&#x002A;</xref>
</contrib>
<contrib contrib-type="author" corresp="yes">
<name>
<surname>Dultra</surname>
<given-names>Lucca Pedreira</given-names>
</name>
<string-name>Lucca Pedreira Dultra</string-name>

<role vocab="https://credit.niso.org" vocab-term="writing – original
draft" vocab-term-identifier="https://credit.niso.org/contributor-roles/writing-original-draft/">writing</role>
<xref ref-type="aff" rid="aff-1">a</xref>
<xref ref-type="corresp" rid="cor-3">&#x002A;</xref>
</contrib>
<contrib contrib-type="author" corresp="yes">
<name>
<surname>Filho</surname>
<given-names>Renato Vasconcelos Campos</given-names>
</name>
<string-name>Renato Vasconcelos Campos Filho</string-name>

<role vocab="https://credit.niso.org" vocab-term="writing – original
draft" vocab-term-identifier="https://credit.niso.org/contributor-roles/writing-original-draft/">writing</role>
<xref ref-type="aff" rid="aff-1">a</xref>
<xref ref-type="corresp" rid="cor-4">&#x002A;</xref>
</contrib>
<contrib contrib-type="author" corresp="yes">
<name>
<surname>Mascarenhas</surname>
<given-names>Tarcísio Almeida</given-names>
</name>
<string-name>Tarcísio Almeida Mascarenhas</string-name>

<role vocab="https://credit.niso.org" vocab-term="writing – original
draft" vocab-term-identifier="https://credit.niso.org/contributor-roles/writing-original-draft/">writing</role>
<xref ref-type="aff" rid="aff-1">a</xref>
<xref ref-type="corresp" rid="cor-5">&#x002A;</xref>
</contrib>
</contrib-group>
<aff id="aff-1">
<institution-wrap>
<institution>Universidade Federal de Sergipe</institution>
</institution-wrap>







</aff>
<author-notes>
<corresp id="cor-1"></corresp>
<corresp id="cor-2"></corresp>
<corresp id="cor-3"></corresp>
<corresp id="cor-4"></corresp>
<corresp id="cor-5"></corresp>
</author-notes>









<history></history>






</article-meta>

</front>

<body>
<p>title: Análise de Evasão Universitária usando Polars authors: - name:
Caio Aloísio Andrade Silva affiliation: Universidade Federal de Sergipe
roles: writing corresponding: true - name: Gabriel Santos de Souza
affiliation: Universidade Federal de Sergipe roles: writing
corresponding: true - name: Lucca Pedreira Dultra affiliation:
Universidade Federal de Sergipe roles: writing corresponding: true -
name: Renato Vasconcelos Campos Filho affiliation: Universidade Federal
de Sergipe roles: writing corresponding: true - name: Tarcísio Almeida
Mascarenhas affiliation: Universidade Federal de Sergipe roles: writing
corresponding: true bibliography: references.bib csl:
associacao-brasileira-de-normas-tecnicas-ufs.csl —</p>
<sec id="seção">
  <title>Seção</title>
  <p>Isso é uma seção com uma citação
  (<xref alt="Knuth, 1984" rid="ref-knuth84" ref-type="bibr">Knuth,
  1984</xref>). Knuth
  (<xref alt="1984" rid="ref-knuth84" ref-type="bibr">1984</xref>) fala
  sobre <italic>Literate Programming</italic>.</p>
  <preformat>{'uci_id': 697, 'name': &quot;Predict Students' Dropout and Academic Success&quot;, 'repository_url': 'https://archive.ics.uci.edu/dataset/697/predict+students+dropout+and+academic+success', 'data_url': 'https://archive.ics.uci.edu/static/public/697/data.csv', 'abstract': &quot;A dataset created from a higher education institution (acquired from several disjoint databases) related to students enrolled in different undergraduate degrees, such as agronomy, design, education, nursing, journalism, management, social service, and technologies.\nThe dataset includes information known at the time of student enrollment (academic path, demographics, and social-economic factors) and the students' academic performance at the end of the first and second semesters. \nThe data is used to build classification models to predict students' dropout and academic sucess. The problem is formulated as a three category classification task, in which there is a strong imbalance towards one of the classes.&quot;, 'area': 'Social Science', 'tasks': ['Classification'], 'characteristics': ['Tabular'], 'num_instances': 4424, 'num_features': 36, 'feature_types': ['Real', 'Categorical', 'Integer'], 'demographics': ['Marital Status', 'Education Level', 'Nationality', 'Occupation', 'Gender', 'Age'], 'target_col': ['Target'], 'index_col': None, 'has_missing_values': 'no', 'missing_values_symbol': None, 'year_of_dataset_creation': 2021, 'last_updated': 'Mon Feb 26 2024', 'dataset_doi': '10.24432/C5MC89', 'creators': ['Valentim Realinho', 'Mónica Vieira Martins', 'Jorge Machado', 'Luís Baptista'], 'intro_paper': {'ID': 99, 'type': 'NATIVE', 'title': &quot;Early prediction of student's performance in higher education: a case study&quot;, 'authors': 'Mónica V. Martins, Daniel Tolledo, Jorge Machado, Luís M. T. Baptista, and Valentim Realinho', 'venue': 'Trends and Applications in Information Systems and Technologies', 'year': 2021, 'journal': 'Advances in Intelligent Systems and Computing series', 'DOI': 'http://www.doi.org/10.1007/978-3-030-72657-7_16', 'URL': 'http://www.worldcist.org/2021/', 'sha': None, 'corpus': None, 'arxiv': None, 'mag': None, 'acl': None, 'pmid': None, 'pmcid': None}, 'additional_info': {'summary': None, 'purpose': 'The dataset was created in a project that aims to contribute to the reduction of academic dropout and failure in higher education, by using machine learning techniques to identify students at risk at an early stage of their academic path, so that strategies to support them can be put into place. \n\nThe dataset includes information known at the time of student enrollment – academic path, demographics, and social-economic factors. \n\nThe problem is formulated as a three category classification task (dropout, enrolled, and graduate) at the end of the normal duration of the course. \n', 'funded_by': 'This dataset is supported by program SATDAP - Capacitação da Administração Pública under grant POCI-05-5762-FSE-000191, Portugal.', 'instances_represent': 'Each instance is a student', 'recommended_data_splits': 'The dataset was used, in our project, with a data split of 80% for training and 20% for test.', 'sensitive_data': None, 'preprocessing_description': 'We performed a rigorous data preprocessing to handle data from anomalies, unexplainable outliers, and missing values.', 'variable_info': None, 'citation': 'If you use this dataset in experiments for a scientific publication, please kindly cite our paper: \nM.V.Martins, D. Tolledo, J. Machado, L. M.T. Baptista, V.Realinho. (2021) &quot;Early prediction of student’s performance in higher education: a case study&quot; Trends and Applications in Information Systems and Technologies, vol.1, in Advances in Intelligent Systems and Computing series. Springer. DOI: 10.1007/978-3-030-72657-7_16'}}
                                              name     role         type  \
0                                   Marital Status  Feature      Integer   
1                                 Application mode  Feature      Integer   
2                                Application order  Feature      Integer   
3                                           Course  Feature      Integer   
4                       Daytime/evening attendance  Feature      Integer   
5                           Previous qualification  Feature      Integer   
6                   Previous qualification (grade)  Feature   Continuous   
7                                      Nacionality  Feature      Integer   
8                           Mother's qualification  Feature      Integer   
9                           Father's qualification  Feature      Integer   
10                             Mother's occupation  Feature      Integer   
11                             Father's occupation  Feature      Integer   
12                                 Admission grade  Feature   Continuous   
13                                       Displaced  Feature      Integer   
14                       Educational special needs  Feature      Integer   
15                                          Debtor  Feature      Integer   
16                         Tuition fees up to date  Feature      Integer   
17                                          Gender  Feature      Integer   
18                              Scholarship holder  Feature      Integer   
19                               Age at enrollment  Feature      Integer   
20                                   International  Feature      Integer   
21             Curricular units 1st sem (credited)  Feature      Integer   
22             Curricular units 1st sem (enrolled)  Feature      Integer   
23          Curricular units 1st sem (evaluations)  Feature      Integer   
24             Curricular units 1st sem (approved)  Feature      Integer   
25                Curricular units 1st sem (grade)  Feature      Integer   
26  Curricular units 1st sem (without evaluations)  Feature      Integer   
27             Curricular units 2nd sem (credited)  Feature      Integer   
28             Curricular units 2nd sem (enrolled)  Feature      Integer   
29          Curricular units 2nd sem (evaluations)  Feature      Integer   
30             Curricular units 2nd sem (approved)  Feature      Integer   
31                Curricular units 2nd sem (grade)  Feature      Integer   
32  Curricular units 2nd sem (without evaluations)  Feature      Integer   
33                               Unemployment rate  Feature   Continuous   
34                                  Inflation rate  Feature   Continuous   
35                                             GDP  Feature   Continuous   
36                                          Target   Target  Categorical   

        demographic                                        description units  \
0    Marital Status  1 – single 2 – married 3 – widower 4 – divorce...  None   
1               NaN  1 - 1st phase - general contingent 2 - Ordinan...  None   
2               NaN  Application order (between 0 - first choice; a...  None   
3               NaN  33 - Biofuel Production Technologies 171 - Ani...  None   
4               NaN                            1 – daytime 0 - evening  None   
5   Education Level  1 - Secondary education 2 - Higher education -...  None   
6               NaN  Grade of previous qualification (between 0 and...  None   
7       Nationality  1 - Portuguese; 2 - German; 6 - Spanish; 11 - ...  None   
8   Education Level  1 - Secondary Education - 12th Year of Schooli...  None   
9   Education Level  1 - Secondary Education - 12th Year of Schooli...  None   
10       Occupation  0 - Student 1 - Representatives of the Legisla...  None   
11       Occupation  0 - Student 1 - Representatives of the Legisla...  None   
12              NaN                Admission grade (between 0 and 200)  None   
13              NaN                                     1 – yes 0 – no  None   
14              NaN                                     1 – yes 0 – no  None   
15              NaN                                     1 – yes 0 – no  None   
16              NaN                                     1 – yes 0 – no  None   
17           Gender                                1 – male 0 – female  None   
18              NaN                                     1 – yes 0 – no  None   
19              Age                       Age of studend at enrollment  None   
20              NaN                                     1 – yes 0 – no  None   
21              NaN  Number of curricular units credited in the 1st...  None   
22              NaN  Number of curricular units enrolled in the 1st...  None   
23              NaN  Number of evaluations to curricular units in t...  None   
24              NaN  Number of curricular units approved in the 1st...  None   
25              NaN  Grade average in the 1st semester (between 0 a...  None   
26              NaN  Number of curricular units without evalutions ...  None   
27              NaN  Number of curricular units credited in the 2nd...  None   
28              NaN  Number of curricular units enrolled in the 2nd...  None   
29              NaN  Number of evaluations to curricular units in t...  None   
30              NaN  Number of curricular units approved in the 2nd...  None   
31              NaN  Grade average in the 2nd semester (between 0 a...  None   
32              NaN  Number of curricular units without evalutions ...  None   
33              NaN                              Unemployment rate (%)  None   
34              NaN                                 Inflation rate (%)  None   
35              NaN                                                GDP  None   
36              NaN  Target. The problem is formulated as a three c...  None   

   missing_values  
0              no  
1              no  
2              no  
3              no  
4              no  
5              no  
6              no  
7              no  
8              no  
9              no  
10             no  
11             no  
12             no  
13             no  
14             no  
15             no  
16             no  
17             no  
18             no  
19             no  
20             no  
21             no  
22             no  
23             no  
24             no  
25             no  
26             no  
27             no  
28             no  
29             no  
30             no  
31             no  
32             no  
33             no  
34             no  
35             no  
36             no  </preformat>
</sec>
</body>

<back>
<ref-list>
  <title></title>
  <ref id="ref-knuth84">
    <element-citation publication-type="article-journal">
      <person-group person-group-type="author">
        <name><surname>Knuth</surname><given-names>Donald E.</given-names></name>
      </person-group>
      <article-title>Literate programming</article-title>
      <source>Comput. J.</source>
      <publisher-name>Oxford University Press, Inc.</publisher-name>
      <publisher-loc>USA</publisher-loc>
      <year iso-8601-date="1984-05">1984</year><month>05</month>
      <volume>27</volume>
      <issue>2</issue>
      <issn>0010-4620</issn>
      <uri>https://doi.org/10.1093/comjnl/27.2.97</uri>
      <pub-id pub-id-type="doi">10.1093/comjnl/27.2.97</pub-id>
      <fpage>97</fpage>
      <lpage>111</lpage>
    </element-citation>
  </ref>
</ref-list>
</back>

<sub-article article-type="notebook" id="nb-4-nb-article">
<front-stub>
<title-group>
<article-title>Análise de Evasão Universitária usando
Polars</article-title>
</title-group>
<contrib-group>
<contrib contrib-type="author" corresp="yes">
<name>
<surname>Silva</surname>
<given-names>Caio Aloísio Andrade</given-names>
</name>
<string-name>Caio Aloísio Andrade Silva</string-name>

<role vocab="https://credit.niso.org" vocab-term="writing – original
draft" vocab-term-identifier="https://credit.niso.org/contributor-roles/writing-original-draft/">writing</role>
<xref ref-type="aff" rid="aff-1-nb-article">a</xref>
<xref ref-type="corresp" rid="cor-1-nb-article">&#x002A;</xref>
</contrib>
<contrib contrib-type="author" corresp="yes">
<name>
<surname>Souza</surname>
<given-names>Gabriel Santos</given-names>
</name>
<string-name>Gabriel Santos de Souza</string-name>

<role vocab="https://credit.niso.org" vocab-term="writing – original
draft" vocab-term-identifier="https://credit.niso.org/contributor-roles/writing-original-draft/">writing</role>
<xref ref-type="aff" rid="aff-1-nb-article">a</xref>
<xref ref-type="corresp" rid="cor-2-nb-article">&#x002A;</xref>
</contrib>
<contrib contrib-type="author" corresp="yes">
<name>
<surname>Dultra</surname>
<given-names>Lucca Pedreira</given-names>
</name>
<string-name>Lucca Pedreira Dultra</string-name>

<role vocab="https://credit.niso.org" vocab-term="writing – original
draft" vocab-term-identifier="https://credit.niso.org/contributor-roles/writing-original-draft/">writing</role>
<xref ref-type="aff" rid="aff-1-nb-article">a</xref>
<xref ref-type="corresp" rid="cor-3-nb-article">&#x002A;</xref>
</contrib>
<contrib contrib-type="author" corresp="yes">
<name>
<surname>Filho</surname>
<given-names>Renato Vasconcelos Campos</given-names>
</name>
<string-name>Renato Vasconcelos Campos Filho</string-name>

<role vocab="https://credit.niso.org" vocab-term="writing – original
draft" vocab-term-identifier="https://credit.niso.org/contributor-roles/writing-original-draft/">writing</role>
<xref ref-type="aff" rid="aff-1-nb-article">a</xref>
<xref ref-type="corresp" rid="cor-4-nb-article">&#x002A;</xref>
</contrib>
<contrib contrib-type="author" corresp="yes">
<name>
<surname>Mascarenhas</surname>
<given-names>Tarcísio Almeida</given-names>
</name>
<string-name>Tarcísio Almeida Mascarenhas</string-name>

<role vocab="https://credit.niso.org" vocab-term="writing – original
draft" vocab-term-identifier="https://credit.niso.org/contributor-roles/writing-original-draft/">writing</role>
<xref ref-type="aff" rid="aff-1-nb-article">a</xref>
<xref ref-type="corresp" rid="cor-5-nb-article">&#x002A;</xref>
</contrib>
</contrib-group>
<aff id="aff-1-nb-article">
<institution-wrap>
<institution>Universidade Federal de Sergipe</institution>
</institution-wrap>







</aff>
<author-notes>
<corresp id="cor-1-nb-article"></corresp>
<corresp id="cor-2-nb-article"></corresp>
<corresp id="cor-3-nb-article"></corresp>
<corresp id="cor-4-nb-article"></corresp>
<corresp id="cor-5-nb-article"></corresp>
</author-notes>
</front-stub>

<body>
<sec id="cell-815b6475-nb-article" specific-use="notebook-content">
<p>title: Análise de Evasão Universitária usando Polars authors: - name:
Caio Aloísio Andrade Silva affiliation: Universidade Federal de Sergipe
roles: writing corresponding: true - name: Gabriel Santos de Souza
affiliation: Universidade Federal de Sergipe roles: writing
corresponding: true - name: Lucca Pedreira Dultra affiliation:
Universidade Federal de Sergipe roles: writing corresponding: true -
name: Renato Vasconcelos Campos Filho affiliation: Universidade Federal
de Sergipe roles: writing corresponding: true - name: Tarcísio Almeida
Mascarenhas affiliation: Universidade Federal de Sergipe roles: writing
corresponding: true bibliography: references.bib csl:
associacao-brasileira-de-normas-tecnicas-ufs.csl —</p>
<sec id="seção-nb-article">
  <title>Seção</title>
  <p>Isso é uma seção com uma citação
  (<xref alt="Knuth, 1984" rid="ref-knuth84-nb-article" ref-type="bibr">Knuth,
  1984</xref>). Knuth
  (<xref alt="1984" rid="ref-knuth84-nb-article" ref-type="bibr">1984</xref>) fala
  sobre <italic>Literate Programming</italic>.</p>
  </sec>
  <sec id="cell-719be311-nb-article" specific-use="notebook-content">
  <code language="python">from ucimlrepo import fetch_ucirepo

# fetch dataset
predict_students_dropout_and_academic_success = fetch_ucirepo(id=697)

# data (as pandas dataframes)
X = predict_students_dropout_and_academic_success.data.features
y = predict_students_dropout_and_academic_success.data.targets

# metadata
print(predict_students_dropout_and_academic_success.metadata)

# variable information
print(predict_students_dropout_and_academic_success.variables)</code>
  <boxed-text>
    <preformat>{'uci_id': 697, 'name': &quot;Predict Students' Dropout and Academic Success&quot;, 'repository_url': 'https://archive.ics.uci.edu/dataset/697/predict+students+dropout+and+academic+success', 'data_url': 'https://archive.ics.uci.edu/static/public/697/data.csv', 'abstract': &quot;A dataset created from a higher education institution (acquired from several disjoint databases) related to students enrolled in different undergraduate degrees, such as agronomy, design, education, nursing, journalism, management, social service, and technologies.\nThe dataset includes information known at the time of student enrollment (academic path, demographics, and social-economic factors) and the students' academic performance at the end of the first and second semesters. \nThe data is used to build classification models to predict students' dropout and academic sucess. The problem is formulated as a three category classification task, in which there is a strong imbalance towards one of the classes.&quot;, 'area': 'Social Science', 'tasks': ['Classification'], 'characteristics': ['Tabular'], 'num_instances': 4424, 'num_features': 36, 'feature_types': ['Real', 'Categorical', 'Integer'], 'demographics': ['Marital Status', 'Education Level', 'Nationality', 'Occupation', 'Gender', 'Age'], 'target_col': ['Target'], 'index_col': None, 'has_missing_values': 'no', 'missing_values_symbol': None, 'year_of_dataset_creation': 2021, 'last_updated': 'Mon Feb 26 2024', 'dataset_doi': '10.24432/C5MC89', 'creators': ['Valentim Realinho', 'Mónica Vieira Martins', 'Jorge Machado', 'Luís Baptista'], 'intro_paper': {'ID': 99, 'type': 'NATIVE', 'title': &quot;Early prediction of student's performance in higher education: a case study&quot;, 'authors': 'Mónica V. Martins, Daniel Tolledo, Jorge Machado, Luís M. T. Baptista, and Valentim Realinho', 'venue': 'Trends and Applications in Information Systems and Technologies', 'year': 2021, 'journal': 'Advances in Intelligent Systems and Computing series', 'DOI': 'http://www.doi.org/10.1007/978-3-030-72657-7_16', 'URL': 'http://www.worldcist.org/2021/', 'sha': None, 'corpus': None, 'arxiv': None, 'mag': None, 'acl': None, 'pmid': None, 'pmcid': None}, 'additional_info': {'summary': None, 'purpose': 'The dataset was created in a project that aims to contribute to the reduction of academic dropout and failure in higher education, by using machine learning techniques to identify students at risk at an early stage of their academic path, so that strategies to support them can be put into place. \n\nThe dataset includes information known at the time of student enrollment – academic path, demographics, and social-economic factors. \n\nThe problem is formulated as a three category classification task (dropout, enrolled, and graduate) at the end of the normal duration of the course. \n', 'funded_by': 'This dataset is supported by program SATDAP - Capacitação da Administração Pública under grant POCI-05-5762-FSE-000191, Portugal.', 'instances_represent': 'Each instance is a student', 'recommended_data_splits': 'The dataset was used, in our project, with a data split of 80% for training and 20% for test.', 'sensitive_data': None, 'preprocessing_description': 'We performed a rigorous data preprocessing to handle data from anomalies, unexplainable outliers, and missing values.', 'variable_info': None, 'citation': 'If you use this dataset in experiments for a scientific publication, please kindly cite our paper: \nM.V.Martins, D. Tolledo, J. Machado, L. M.T. Baptista, V.Realinho. (2021) &quot;Early prediction of student’s performance in higher education: a case study&quot; Trends and Applications in Information Systems and Technologies, vol.1, in Advances in Intelligent Systems and Computing series. Springer. DOI: 10.1007/978-3-030-72657-7_16'}}
                                              name     role         type  \
0                                   Marital Status  Feature      Integer   
1                                 Application mode  Feature      Integer   
2                                Application order  Feature      Integer   
3                                           Course  Feature      Integer   
4                       Daytime/evening attendance  Feature      Integer   
5                           Previous qualification  Feature      Integer   
6                   Previous qualification (grade)  Feature   Continuous   
7                                      Nacionality  Feature      Integer   
8                           Mother's qualification  Feature      Integer   
9                           Father's qualification  Feature      Integer   
10                             Mother's occupation  Feature      Integer   
11                             Father's occupation  Feature      Integer   
12                                 Admission grade  Feature   Continuous   
13                                       Displaced  Feature      Integer   
14                       Educational special needs  Feature      Integer   
15                                          Debtor  Feature      Integer   
16                         Tuition fees up to date  Feature      Integer   
17                                          Gender  Feature      Integer   
18                              Scholarship holder  Feature      Integer   
19                               Age at enrollment  Feature      Integer   
20                                   International  Feature      Integer   
21             Curricular units 1st sem (credited)  Feature      Integer   
22             Curricular units 1st sem (enrolled)  Feature      Integer   
23          Curricular units 1st sem (evaluations)  Feature      Integer   
24             Curricular units 1st sem (approved)  Feature      Integer   
25                Curricular units 1st sem (grade)  Feature      Integer   
26  Curricular units 1st sem (without evaluations)  Feature      Integer   
27             Curricular units 2nd sem (credited)  Feature      Integer   
28             Curricular units 2nd sem (enrolled)  Feature      Integer   
29          Curricular units 2nd sem (evaluations)  Feature      Integer   
30             Curricular units 2nd sem (approved)  Feature      Integer   
31                Curricular units 2nd sem (grade)  Feature      Integer   
32  Curricular units 2nd sem (without evaluations)  Feature      Integer   
33                               Unemployment rate  Feature   Continuous   
34                                  Inflation rate  Feature   Continuous   
35                                             GDP  Feature   Continuous   
36                                          Target   Target  Categorical   

        demographic                                        description units  \
0    Marital Status  1 – single 2 – married 3 – widower 4 – divorce...  None   
1               NaN  1 - 1st phase - general contingent 2 - Ordinan...  None   
2               NaN  Application order (between 0 - first choice; a...  None   
3               NaN  33 - Biofuel Production Technologies 171 - Ani...  None   
4               NaN                            1 – daytime 0 - evening  None   
5   Education Level  1 - Secondary education 2 - Higher education -...  None   
6               NaN  Grade of previous qualification (between 0 and...  None   
7       Nationality  1 - Portuguese; 2 - German; 6 - Spanish; 11 - ...  None   
8   Education Level  1 - Secondary Education - 12th Year of Schooli...  None   
9   Education Level  1 - Secondary Education - 12th Year of Schooli...  None   
10       Occupation  0 - Student 1 - Representatives of the Legisla...  None   
11       Occupation  0 - Student 1 - Representatives of the Legisla...  None   
12              NaN                Admission grade (between 0 and 200)  None   
13              NaN                                     1 – yes 0 – no  None   
14              NaN                                     1 – yes 0 – no  None   
15              NaN                                     1 – yes 0 – no  None   
16              NaN                                     1 – yes 0 – no  None   
17           Gender                                1 – male 0 – female  None   
18              NaN                                     1 – yes 0 – no  None   
19              Age                       Age of studend at enrollment  None   
20              NaN                                     1 – yes 0 – no  None   
21              NaN  Number of curricular units credited in the 1st...  None   
22              NaN  Number of curricular units enrolled in the 1st...  None   
23              NaN  Number of evaluations to curricular units in t...  None   
24              NaN  Number of curricular units approved in the 1st...  None   
25              NaN  Grade average in the 1st semester (between 0 a...  None   
26              NaN  Number of curricular units without evalutions ...  None   
27              NaN  Number of curricular units credited in the 2nd...  None   
28              NaN  Number of curricular units enrolled in the 2nd...  None   
29              NaN  Number of evaluations to curricular units in t...  None   
30              NaN  Number of curricular units approved in the 2nd...  None   
31              NaN  Grade average in the 2nd semester (between 0 a...  None   
32              NaN  Number of curricular units without evalutions ...  None   
33              NaN                              Unemployment rate (%)  None   
34              NaN                                 Inflation rate (%)  None   
35              NaN                                                GDP  None   
36              NaN  Target. The problem is formulated as a three c...  None   

   missing_values  
0              no  
1              no  
2              no  
3              no  
4              no  
5              no  
6              no  
7              no  
8              no  
9              no  
10             no  
11             no  
12             no  
13             no  
14             no  
15             no  
16             no  
17             no  
18             no  
19             no  
20             no  
21             no  
22             no  
23             no  
24             no  
25             no  
26             no  
27             no  
28             no  
29             no  
30             no  
31             no  
32             no  
33             no  
34             no  
35             no  
36             no  </preformat>
  </boxed-text>
  </sec>
</sec>
</body>



<back>
<ref-list>
  <title></title>
  <ref id="ref-knuth84-nb-article">
    <element-citation publication-type="article-journal">
      <person-group person-group-type="author">
        <name><surname>Knuth</surname><given-names>Donald E.</given-names></name>
      </person-group>
      <article-title>Literate programming</article-title>
      <source>Comput. J.</source>
      <publisher-name>Oxford University Press, Inc.</publisher-name>
      <publisher-loc>USA</publisher-loc>
      <year iso-8601-date="1984-05">1984</year><month>05</month>
      <volume>27</volume>
      <issue>2</issue>
      <issn>0010-4620</issn>
      <uri>https://doi.org/10.1093/comjnl/27.2.97</uri>
      <pub-id pub-id-type="doi">10.1093/comjnl/27.2.97</pub-id>
      <fpage>97</fpage>
      <lpage>111</lpage>
    </element-citation>
  </ref>
</ref-list>
</back>


</sub-article>

</article>